9.573763622896053,2.2590264011831844,9,2024-09-12 10:05:31
28.850410009925067,3.36212420463562,8,2024-09-12 10:05:45
47.86809946101411,3.8684493005275726,7,2024-09-12 10:06:00
59.68058195306595,4.089006707072258,6,2024-09-12 10:06:15
96.0732088189339,4.565110492706299,5,2024-09-12 10:06:29
38.16322294338446,3.641872301697731,4,2024-09-12 10:06:44
28.544973172500207,3.3514808495839437,3,2024-09-12 10:06:59
37.8027045666182,3.632380649447441,2,2024-09-12 10:07:13
46.656915844485596,3.842821165919304,1,2024-09-12 10:07:29
12.469622938391987,2.523295521736145,0,2024-09-12 10:07:44
13.245922931955198,2.583689801833209,9,2024-09-12 10:57:16
29.2415964560273,3.3755922317504883,8,2024-09-12 10:57:30
49.75594076637778,3.907129868865013,7,2024-09-12 10:57:45
60.03563443022211,4.094938293099403,6,2024-09-12 10:58:00
101.01817957330601,4.6153004964192705,5,2024-09-12 10:58:15
39.54481294717777,3.6774345338344574,4,2024-09-12 10:58:30
30.369036528397416,3.4134235541025797,3,2024-09-12 10:58:45
38.003333692566855,3.6376738846302032,2,2024-09-12 10:59:01
46.709360303870284,3.8439445793628693,1,2024-09-12 10:59:16
12.61589275990958,2.5349573493003845,0,2024-09-12 10:59:32
11.638312262560918,2.4543024371652042,9,2024-09-16 12:33:02
33.77208769697957,3.5196346535402188,8,2024-09-16 12:33:16
66.96037397102495,4.204101011157036,7,2024-09-16 12:33:31
80.64457799757658,4.390051573514938,6,2024-09-16 12:33:45
169.3644924849105,5.132053152720133,5,2024-09-16 12:33:59
43.6772262893275,3.7768268287181854,4,2024-09-16 12:34:13
33.6055983985329,3.5146926720937093,3,2024-09-16 12:34:28
45.00968360179884,3.8068776577711105,2,2024-09-16 12:34:42
59.71991396988636,4.089665532112122,1,2024-09-16 12:34:56
12.798555598488727,2.549332320690155,0,2024-09-16 12:35:10
5.935286972868251,1.780915379524231,9,2024-09-16 16:36:06
12.4653895076415,2.522955964593326,8,2024-09-16 16:36:23
19.85048470818765,2.988228425383568,7,2024-09-16 16:36:40
23.96114400425947,3.1764335185289383,6,2024-09-16 16:36:57
36.531374713410564,3.5981714725494385,5,2024-09-16 16:37:14
13.923053753084012,2.633546009659767,4,2024-09-16 16:37:31
12.553270131719861,2.5299811999003095,3,2024-09-16 16:37:47
15.421396609098503,2.7357559353113174,2,2024-09-16 16:38:01
16.5008830515916,2.803413897752762,1,2024-09-16 16:38:15
6.8892828989385775,1.929967001080513,0,2024-09-16 16:38:30
11.256384474554771,2.4209354765274944,9,2024-09-16 18:44:19
32.872902483517805,3.492648685679716,8,2024-09-16 18:44:36
58.34191779009501,4.066320836544037,7,2024-09-16 18:44:51
75.46951836910232,4.32372884452343,6,2024-09-16 18:45:05
134.24061883734115,4.899633852640788,5,2024-09-16 18:45:20
41.570301155274734,3.727385997772217,4,2024-09-16 18:45:35
33.90941388157952,3.5236926714579266,3,2024-09-16 18:45:49
44.74474983563319,3.800974115729332,2,2024-09-16 18:46:04
51.95689972658382,3.9504145234823227,1,2024-09-16 18:46:18
12.253339032786704,2.5057984739542007,0,2024-09-16 18:46:32
5.826623173782096,1.7624376170775469,9,2024-09-16 20:07:48
12.475962176448771,2.5238037670359894,8,2024-09-16 20:08:03
20.85167063267824,3.037434071302414,7,2024-09-16 20:08:17
24.310806511129147,3.1909209638834,6,2024-09-16 20:08:31
35.61321046041272,3.572716649373372,5,2024-09-16 20:08:46
14.252632018236989,2.656941592693329,4,2024-09-16 20:09:01
12.81639819580054,2.5507254600524902,3,2024-09-16 20:09:15
16.47588397361193,2.8018977344036102,2,2024-09-16 20:09:29
16.546732378746093,2.806188642978668,1,2024-09-16 20:09:44
6.702759804700154,1.902519352734089,0,2024-09-16 20:09:58
11.274824165574483,2.4225722901961384,9,2024-09-17 18:25:14
33.66168904338284,3.516360367045683,8,2024-09-17 18:25:32
63.79702946499972,4.155706629157066,7,2024-09-17 18:25:49
80.01838839270097,4.382256463170052,6,2024-09-17 18:26:14
139.29209399461723,4.936573123931884,5,2024-09-17 18:26:31
40.860552587070856,3.710165113210678,4,2024-09-17 18:26:48
34.98534322404241,3.5549292087554933,3,2024-09-17 18:27:05
48.72177939986761,3.886126145720482,2,2024-09-17 18:27:28
54.6080212274035,4.000180780887604,1,2024-09-17 18:27:45
12.52887130473527,2.5280356854200363,0,2024-09-17 18:28:04
3.5968484061474926,1.2800580193014706,9,2024-09-17 21:49:49
6.40123909185902,1.856491579728968,8,2024-09-17 21:50:03
9.60079723201249,2.261846140027046,7,2024-09-17 21:50:17
10.46107189454694,2.347660928964615,6,2024-09-17 21:50:31
13.808713026050405,2.6252997716267905,5,2024-09-17 21:50:45
7.093730067315096,1.959211304783821,4,2024-09-17 21:50:59
6.37502872256498,1.852388596534729,3,2024-09-17 21:51:13
7.807121315813236,2.0550363063812256,2,2024-09-17 21:51:27
8.243594133211722,2.1094364300370216,1,2024-09-17 21:51:41
4.049809845599285,1.3986699283123016,0,2024-09-17 21:51:55
5.768257581567315,1.7523700559840483,9,2024-09-17 23:25:07
12.53282050959194,2.5283508441027474,8,2024-09-17 23:25:21
20.272689727226666,3.009274646639824,7,2024-09-17 23:25:34
24.160498982166672,3.1847190260887146,6,2024-09-17 23:25:49
35.45692873850863,3.5683186848958335,5,2024-09-17 23:26:02
14.198888704466055,2.6531637012958527,4,2024-09-17 23:26:16
12.473435191220938,2.523601198196411,3,2024-09-17 23:26:30
15.684540772734401,2.752675563097,2,2024-09-17 23:26:43
17.589536459388444,2.86730420589447,1,2024-09-17 23:26:57
6.701911786572999,1.902392826974392,0,2024-09-17 23:27:11
7.471616215577734,2.0111113365958717,9,2024-09-18 11:18:38
17.623858476463766,2.8692535793080047,8,2024-09-18 11:18:52
29.933907497884775,3.3989918678998947,7,2024-09-18 11:19:06
35.281063352263146,3.5633463710546494,6,2024-09-18 11:19:20
56.51436990631433,4.03449494043986,5,2024-09-18 11:19:34
20.855825604891354,3.037633314728737,4,2024-09-18 11:19:47
17.193292913145395,2.844519360860189,3,2024-09-18 11:20:01
22.65947586937017,3.1205781251192093,2,2024-09-18 11:20:15
25.468532123114702,3.237443655729294,1,2024-09-18 11:20:29
8.325936168372811,2.1193754822015762,0,2024-09-18 11:20:43
6.508507003544441,1.8731100909850176,9,2024-09-18 14:15:52
14.231466091696829,2.655455435023588,8,2024-09-18 14:16:06
23.69245828491777,3.1651567816734314,7,2024-09-18 14:16:20
28.85234335573307,3.362191215157509,6,2024-09-18 14:16:33
43.4605088844946,3.7718526840209963,5,2024-09-18 14:16:47
16.70920801011651,2.815959945321083,4,2024-09-18 14:17:01
14.272430979683394,2.6583297729492186,3,2024-09-18 14:17:14
18.05502840242096,2.893424227833748,2,2024-09-18 14:17:28
20.742937659512332,3.0322058349847794,1,2024-09-18 14:17:42
7.316478137194121,1.9901290833950043,0,2024-09-18 14:17:56
11.250753599907675,2.420435113065383,9,2024-09-20 14:38:56
33.48918855480872,3.511222657035379,8,2024-09-20 14:39:14
61.912533054952625,4.125722631812096,7,2024-09-20 14:39:32
77.3250312236176,4.34801772236824,6,2024-09-20 14:39:49
138.7122739298156,4.932401816050212,5,2024-09-20 14:40:07
41.75898133951408,3.7319145500659943,4,2024-09-20 14:40:25
33.17098586107681,3.501675573984782,3,2024-09-20 14:40:44
45.170870966121235,3.8104524314403534,2,2024-09-20 14:40:59
54.82395013924022,4.004127144813538,1,2024-09-20 14:41:14
12.308565730839842,2.510295420885086,0,2024-09-20 14:41:30
11.308873331418617,2.425587668138392,9,2024-09-20 21:11:01
31.98968837146048,3.46541361247792,8,2024-09-20 21:11:16
63.33521027696973,4.148441419005394,7,2024-09-20 21:11:31
78.72985283898201,4.366022408008575,6,2024-09-20 21:11:46
143.80945153504155,4.968489170074463,5,2024-09-20 21:12:01
41.94768218365421,3.7364231795072556,4,2024-09-20 21:12:16
34.86005594445416,3.5513416449228923,3,2024-09-20 21:12:31
46.29722777087453,3.835082083940506,2,2024-09-20 21:12:46
57.92258503004909,4.059107378125191,1,2024-09-20 21:13:01
12.518885811097674,2.527238368988037,0,2024-09-20 21:13:16
11.327246579731884,2.4272110251819385,9,2024-09-20 23:11:21
35.53546557304441,3.570531228009392,8,2024-09-20 23:11:36
67.03718175921449,4.205247417092323,7,2024-09-20 23:11:51
86.64789557077471,4.461852729320526,6,2024-09-20 23:12:06
167.37765606480178,5.120252672831217,5,2024-09-20 23:12:21
44.40874493512935,3.7934364080429077,4,2024-09-20 23:12:36
36.063111477861085,3.5852705001831056,3,2024-09-20 23:12:51
48.62365340175288,3.8841101080179214,2,2024-09-20 23:13:06
55.573230024043205,4.017701610922813,1,2024-09-20 23:13:21
12.999069891497077,2.5648778080940247,0,2024-09-20 23:13:36
11.182386506075991,2.414339907029096,9,2024-09-21 11:24:41
32.69014007335047,3.487073505626005,8,2024-09-21 11:24:55
62.161177985657936,4.12973065674305,7,2024-09-21 11:25:09
78.0220271934303,4.356991186738014,6,2024-09-21 11:25:24
142.59097281320777,4.959980201721192,5,2024-09-21 11:25:39
41.3089870195905,3.7210800796747208,4,2024-09-21 11:25:54
33.8562522361547,3.522123686472575,3,2024-09-21 11:26:08
44.10705656429022,3.786619782447815,2,2024-09-21 11:26:23
57.635847422311144,4.054144725203514,1,2024-09-21 11:26:38
12.518215569494128,2.5271848291158676,0,2024-09-21 11:26:52
7.417167432183005,2.003797236610861,9,2024-10-01 16:25:22
18.306457536308212,2.9072538684396183,8,2024-10-01 16:25:36
30.532760893129463,3.4188002347946167,7,2024-10-01 16:25:51
38.259783873952124,3.6443993151187897,6,2024-10-01 16:26:06
59.10381795668339,4.0792955239613855,5,2024-10-01 16:26:20
23.345154182192893,3.1503894329071045,4,2024-10-01 16:26:35
17.707837466605866,2.8740073362986247,3,2024-10-01 16:26:50
24.418093056657845,3.1953243762254715,2,2024-10-01 16:27:05
26.292889033345077,3.2692985236644745,1,2024-10-01 16:27:19
8.455113188240828,2.1347713693976402,0,2024-10-01 16:27:34
7.310823605673865,1.9893559357699226,9,2024-10-01 18:27:26
16.890232030536776,2.8267354684717514,8,2024-10-01 18:27:41
26.74896643332495,3.2864958345890045,7,2024-10-01 18:27:56
33.49306684178609,3.511338457465172,6,2024-10-01 18:28:11
52.91930463778566,3.9687681992848716,5,2024-10-01 18:28:25
20.215226539658374,3.0064361095428467,4,2024-10-01 18:28:40
16.195119226442685,2.78470991452535,3,2024-10-01 18:28:55
21.051306689847483,3.046962633728981,2,2024-10-01 18:29:10
24.676287890137594,3.2058427780866623,1,2024-10-01 18:29:24
8.218996132953507,2.1064480766654015,0,2024-10-01 18:29:39
7.3331782144898305,1.9924090118969189,9,2024-10-01 20:13:45
16.431842708818206,2.7992210808922264,8,2024-10-01 20:14:01
26.830424631008235,3.289536491036415,7,2024-10-01 20:14:18
32.022631365899805,3.466442883014679,6,2024-10-01 20:14:34
51.223136790814095,3.9361913204193115,5,2024-10-01 20:14:50
20.049589042459473,2.9982086569070816,4,2024-10-01 20:15:07
15.89888058045774,2.7662487030029297,3,2024-10-01 20:15:23
20.629540540487454,3.0267240554094315,2,2024-10-01 20:15:39
25.83319331922597,3.2516602277755737,1,2024-10-01 20:15:56
8.193127119053239,2.103295646607876,0,2024-10-01 20:16:13
7.329118912818315,1.9918553057838888,9,2024-10-02 14:27:03
17.68848157265433,2.8729136691373935,8,2024-10-02 14:27:19
28.33778058273887,3.344195917248726,7,2024-10-02 14:27:35
35.810531238433285,3.5782420188188553,6,2024-10-02 14:27:51
59.71244547992867,4.089540465672811,5,2024-10-02 14:28:07
21.077365572723547,3.0481997430324554,4,2024-10-02 14:28:23
18.255380199721532,2.904459842046102,3,2024-10-02 14:28:39
22.966802142056533,3.1340497881174088,2,2024-10-02 14:28:56
26.118854512697812,3.2626574486494064,1,2024-10-02 14:29:12
8.261776103632743,2.111639589071274,0,2024-10-02 14:29:28
7.24571292159482,1.9804099728079403,9,2024-10-02 16:31:41
16.928874673755583,2.829020724577062,8,2024-10-02 16:31:56
8.130908767464978,2.095672696828842,7,2024-10-02 16:32:11
20.458166588529906,3.0183821469545364,6,2024-10-02 16:32:26
26.692767669073213,3.2843926548957825,5,2024-10-02 16:32:41
33.92302493845221,3.524093985557556,4,2024-10-02 16:32:55
53.26658084697668,3.975309133529663,3,2024-10-02 16:33:10
15.391623158377024,2.7338234106699626,2,2024-10-02 16:33:25
25.635880940328327,3.24399296939373,1,2024-10-02 16:33:40
20.88776393510203,3.0391635298728943,0,2024-10-02 16:33:55
8.99743170374138,2.196939170360565,9,2024-10-02 21:30:18
22.611784764692015,3.118471220135689,8,2024-10-02 21:30:33
20.714865041201442,3.0308515604804542,7,2024-10-02 21:30:47
39.131218382268735,3.6669205725193024,6,2024-10-02 21:31:02
42.18687671657271,3.7421091943979263,5,2024-10-02 21:31:17
12.870029091182152,2.5549012819925943,4,2024-10-02 21:31:32
61.56605483583062,4.120110660791397,3,2024-10-02 21:31:47
26.899614557144343,3.2921119577744427,2,2024-10-02 21:32:02
14.859691806135986,2.6986522992451984,1,2024-10-02 21:32:17
14.988607476910325,2.7072904109954834,0,2024-10-02 21:32:32
11.125630109637724,2.409251465516932,9,2024-10-02 23:13:21
32.527392852699094,3.482082591337316,8,2024-10-02 23:13:35
56.304964715758345,4.030782714486122,7,2024-10-02 23:13:50
71.96445239139302,4.2761722803115845,6,2024-10-02 23:14:05
123.25078223255558,4.814221159617106,5,2024-10-02 23:14:21
39.983872090477455,3.688476175069809,4,2024-10-02 23:14:36
31.209033500973636,3.4407075881958007,3,2024-10-02 23:14:51
42.21922098486858,3.7428755909204483,2,2024-10-02 23:15:06
53.99777122762728,3.9889427721500397,1,2024-10-02 23:15:21
11.998416990754741,2.484774723649025,0,2024-10-02 23:15:36
6.950762953350874,1.9388514310121536,0.3613084912826109,9,2024-10-03 12:48:43
279.2667446057513,5.632167398929596,0.4340629318156537,8,2024-10-03 12:48:57
363.7592156940493,5.896492153406143,0.4310165875244516,7,2024-10-03 12:49:12
155.86780266912191,5.049008229199578,0.41783416996221134,6,2024-10-03 12:49:27
131.34431582855635,4.877822240193685,0.3975479777752796,5,2024-10-03 12:49:42
517.3113369426467,6.248644892374674,0.42443938134079073,4,2024-10-03 12:49:56
252.11659017644627,5.529891639947891,0.4066469901648525,3,2024-10-03 12:50:11
304.5333959950528,5.718780755996704,0.38969766994654226,2,2024-10-03 12:50:26
83.1478775581831,4.420620679855347,0.3947367916327207,1,2024-10-03 12:50:41
259.5582507365097,5.558981150388718,0.44402054877714664,0,2024-10-03 12:50:56
9.44349058429767,2.2453256770968437,0.38891021282494004,9,2024-10-03 15:31:11
39.21076348735556,3.6689512878656387,0.3617044400217325,8,2024-10-03 15:31:26
20.688215046743206,3.029564216732979,0.34684692053493,7,2024-10-03 15:31:41
17.772716817555164,2.8776645183563234,0.3714274636774102,6,2024-10-03 15:31:56
15.2041446177072,2.721568062901497,0.38361382742064776,5,2024-10-03 15:32:10
10.400042499760593,2.341809892654419,0.3309540375880356,4,2024-10-03 15:32:25
28.69734136409041,3.3568044830771053,0.34220796119675845,3,2024-10-03 15:32:41
49.43227189300968,3.900603488087654,0.3387258371232244,2,2024-10-03 15:32:56
62.76642805528142,4.139420345425606,0.3283484849301765,1,2024-10-03 15:33:11
25.92427051877314,3.2551796155817367,0.3400338611831731,0,2024-10-03 15:33:26
7.250705475479632,1.9810987710952759,0.33800697189074835,9,2024-10-03 19:21:12
17.967191610572065,2.8885474064770866,0.3495386319834849,8,2024-10-03 19:21:27
30.89735431629903,3.4306705594062805,0.3691203097917807,7,2024-10-03 19:21:42
36.819746055717864,3.606034278869629,0.37145693017934195,6,2024-10-03 19:21:57
51.01790763689812,3.932176701227824,0.38494009904270043,5,2024-10-03 19:22:12
21.633664722717285,3.074250653386116,0.370306097317501,4,2024-10-03 19:22:27
16.594297483888088,2.8090591112772625,0.3427186542010379,3,2024-10-03 19:22:42
23.577836493934782,3.160307139158249,0.35089328908749773,2,2024-10-03 19:22:57
25.975331063269362,3.2571472823619843,0.32349570748756207,1,2024-10-03 19:23:12
8.372472234373253,2.1249492093920708,0.30375523235068075,0,2024-10-03 19:23:26
7.288446782080968,1.9862904618768131,0.33800697189074835,9,2024-10-03 22:18:16
17.564877083132405,2.8659012878642365,0.3494752445595498,8,2024-10-03 22:18:32
30.504337371908782,3.417868882417679,0.36925999689267464,7,2024-10-03 22:18:47
34.86118865248116,3.551374137401581,0.3716034145543419,6,2024-10-03 22:19:02
58.891365355466945,4.075694481531779,0.38494009904270043,5,2024-10-03 22:19:18
21.5919385368145,3.0723200291395187,0.370306097317501,4,2024-10-03 22:19:33
17.44028209303248,2.8587825934092206,0.3430734247324389,3,2024-10-03 22:19:48
22.93204127392767,3.1325351148843765,0.35089328908749773,2,2024-10-03 22:20:04
25.59841499532709,3.242530435323715,0.32378867623756213,1,2024-10-03 22:20:19
8.311307557936845,2.117616944015026,0.30375523235068075,0,2024-10-03 22:20:34
7.384740239142779,1.9994157412472893,0.3106442932594908,0.07841678164510792,9,2024-10-06 12:05:30
17.64007421800965,2.870173257939956,0.32152206960218854,0.08232748832399091,8,2024-10-06 12:05:46
30.191502104698287,3.407560497522354,0.3203384820458412,0.08052950783504625,7,2024-10-06 12:06:01
36.535018295933476,3.598271206021309,0.33264471835666365,0.08414684756484422,6,2024-10-06 12:06:16
51.802151931807295,3.94743169148763,0.33979023843820555,0.08792479074657138,5,2024-10-06 12:06:31
21.373538801242507,3.0621536523103714,0.33435676863838765,0.08246582845959675,4,2024-10-06 12:06:47
17.126226139765667,2.840610980987549,0.31659872681354134,0.08263899542305854,3,2024-10-06 12:07:05
22.785870393801577,3.1261406242847443,0.30721525637456343,0.08537453903600536,2,2024-10-06 12:07:22
25.30346154201066,3.230941206216812,0.2925736013086433,0.10152338340747247,1,2024-10-06 12:07:37
8.436424397958747,2.1325585693120956,0.26939477264884876,0.07591182808335324,0,2024-10-06 12:07:52
7.271394920022238,1.9839481465956743,0.3146368722440376,0.07853530561343063,9,2024-10-06 16:37:48
17.221822670798698,2.846177339553833,0.32034844307772636,0.08675220616943671,8,2024-10-06 16:38:01
30.772674342452465,3.4266270995140076,0.33845495454946584,0.07897219537117059,7,2024-10-06 16:38:15
36.87609779921287,3.6075635850429535,0.33852153375806493,0.08494065769860634,6,2024-10-06 16:38:29
54.85583751728828,4.004708607991536,0.35580722974503143,0.08430008061035157,5,2024-10-06 16:38:43
20.19878936235474,3.0056226700544357,0.33269445997790614,0.08560706062606162,4,2024-10-06 16:38:56
17.184655062222518,2.8440168380737303,0.31743359042881153,0.08243441747343801,3,2024-10-06 16:39:10
22.567573762742516,3.1165140867233276,0.32032571975252006,0.0814440777332935,2,2024-10-06 16:39:23
25.978217936514913,3.257258415222168,0.29458407943867165,0.09741800582791241,1,2024-10-06 16:39:37
8.385737124472936,2.1265323013067245,0.273886939317476,0.07515725521655296,0,2024-10-06 16:39:50
11.347070774932858,2.4289596291149365,0.3706894801708617,0.07133179046723134,9,2024-10-06 21:11:55
33.560047865427805,3.5133363078622257,0.37546329531520106,0.08516173167978756,8,2024-10-06 21:12:12
64.22678001604821,4.162420257925987,0.38784373084936646,0.08138425772468547,7,2024-10-06 21:12:30
85.37631251093002,4.447068691253662,0.3886552123751948,0.07859313263551995,6,2024-10-06 21:12:47
152.97635814154992,5.030283387502035,0.4077463969726802,0.08968708739956016,5,2024-10-06 21:13:05
43.64217888170511,3.7760240882635117,0.39327061632557103,0.0720808837004637,4,2024-10-06 21:13:23
34.91497691487252,3.5529158751169843,0.36835618004218246,0.08736256665124253,3,2024-10-06 21:13:40
46.54546279826943,3.8404295295476913,0.37442802565714395,0.0748410899718111,2,2024-10-06 21:13:57
56.761417989297975,4.0388568341732025,0.3521378303582946,0.0800450973725483,1,2024-10-06 21:14:15
12.892012286055916,2.5566079169511795,0.32036137362889733,0.07530993131334317,0,2024-10-06 21:14:32
8.328742513223256,2.1197124859865974,0.29066432299885586,0.08192385446507403,9,2024-10-07 13:31:16
17.75406803842375,2.876614674925804,0.26756956828254835,0.07983690094487954,8,2024-10-07 13:31:29
38.4595658504388,3.649607451756795,0.2893863449438696,0.0842407900269841,7,2024-10-07 13:31:43
17.2902031133615,2.8501400470733644,0.28926587031159745,0.08218506764382599,6,2024-10-07 13:31:56
27.435540804097503,3.311839282512665,0.2890141510888652,0.077662386405246,5,2024-10-07 13:32:10
25.15742779939732,3.2251531928777695,0.27948426031672835,0.08150774665146678,4,2024-10-07 13:32:24
17.445530258210574,2.859083470176248,0.2906037226897136,0.08630400028840025,3,2024-10-07 13:32:38
13.838006977429952,2.6274189352989197,0.299007450078497,0.0802479477094032,2,2024-10-07 13:32:53
18.69694514460064,2.9283601492643356,0.27655014577059417,0.07982935558931266,1,2024-10-07 13:33:07
16.729902887264686,2.81719771027565,0.26632925437641985,0.09407981902262627,0,2024-10-07 13:33:21
12.268269890038603,2.5070162455240887,0.3762222025956772,0.0811586690068609,9,2024-10-07 21:09:21
63.853112971084485,4.156585335731506,0.3885747359971026,0.07395463111791697,8,2024-10-07 21:09:39
172.22773787313477,5.148817658424377,0.33400600320309043,0.09737950345357956,7,2024-10-07 21:09:56
34.6598462876994,3.545581849416097,0.3649854299510881,0.08266781947884654,6,2024-10-07 21:10:13
106.44529688285682,4.667631208896637,0.36418685826852665,0.08409410203333177,5,2024-10-07 21:10:30
124.74476463080443,4.826269766863654,0.3560664618483663,0.08452036930927331,4,2024-10-07 21:10:48
117.87563571951343,4.769630134105682,0.37560324851724747,0.07838100969198562,3,2024-10-07 21:11:05
110.26572923990274,4.702893172993379,0.3482331160606252,0.07807025755075896,2,2024-10-07 21:11:22
154.91825365982623,5.042897582054138,0.3535322557132689,0.08160980248443798,1,2024-10-07 21:11:40
120.16388701466845,4.788856536149979,0.32240143314851855,0.08088515052020304,0,2024-10-07 21:11:58
9.460988056633902,2.2471768233426817,0.3799904732047596,0.0713802669880043,0,2024-10-07 23:20:27
9.460988056633902,2.2471768233426817,0.37997747623439043,0.07227190201461785,0,2024-10-08 13:36:05
8.55822042382194,2.146892274127287,0.36241957120063045,0.0690249161340606,9,2024-10-08 13:37:17
10.208695952940195,2.323239901486565,0.36606416139571923,0.07223673936025937,8,2024-10-08 13:37:32
11.872861669928186,2.4742552638053894,0.3866921500707539,0.07221917446012578,7,2024-10-08 13:37:45
11.076455106556358,2.4048216938972473,0.38575188639323416,0.07140318813255508,6,2024-10-08 13:37:59
10.213438508371407,2.3237043539683024,0.4087064543848775,0.0834872965131897,5,2024-10-08 13:38:12
10.234602403670284,2.325774371623993,0.3861432247433548,0.060724726414115845,4,2024-10-08 13:38:25
7.262747870798003,1.9827582518259683,0.36757480466076004,0.08027565686339287,3,2024-10-08 13:38:38
11.429927613212408,2.4362351447343826,0.37474989146639404,0.07780424783582546,2,2024-10-08 13:38:52
9.647239876495217,2.2666718512773514,0.3477428743907103,0.055926450362052134,1,2024-10-08 13:39:05
6.39064215924825,1.854834757745266,0.3144046184562342,0.06279990664498566,0,2024-10-08 13:39:19
11.09716641865435,2.4066897981307087,0.37442629214673806,0.0741648056613795,0.05926095411332409,9,2024-10-13 11:19:21
32.28001843214717,3.4744484144098617,0.3787640999891505,0.07613044847250526,0.03190860599641358,8,2024-10-13 11:19:34
56.866323487210714,4.040703311562538,0.3920293326814225,0.07706004738197017,0.026946077039277237,7,2024-10-13 11:19:48
72.82675955057769,4.288083463907242,0.39666445696854546,0.08163729661059617,0.02319509238271766,6,2024-10-13 11:20:03
136.43169188495014,4.915824063618978,0.4162499946448227,0.08489424828116544,0.017108555116587012,5,2024-10-13 11:20:16
40.74348640260467,3.70729598402977,0.39277545065828684,0.07874557969575371,0.028036885802150194,4,2024-10-13 11:20:30
31.566593284576477,3.452099386850993,0.3707672104907601,0.09157300008708788,0.025135395495025113,3,2024-10-13 11:20:43
42.343938229595324,3.7458252757787704,0.38038187939040136,0.08096924065240545,0.028293583306885885,2,2024-10-13 11:20:57
49.79515515517406,3.907917693257332,0.3553914801940513,0.08555679361313537,0.03403232313502058,1,2024-10-13 11:21:10
11.839554917151457,2.4714460372924805,0.3186887480894471,0.07333665586024837,0.03771102255689215,0,2024-10-13 11:21:23
7.30411768558158,1.9884382556466496,0.32037261334578376,0.07910545827221999,0.02182310267256988,9,2024-10-13 16:19:52
17.48511793833885,2.8613501156077668,0.3343837435209718,0.08511791762924002,0.012683826469211446,8,2024-10-13 16:20:06
29.660458468656522,3.389814794063568,0.35375663423586723,0.07914348081517462,0.009126795252809643,7,2024-10-13 16:20:20
35.84820102411011,3.5792933851480484,0.35297246797094395,0.08321160237331397,0.007906494814416942,6,2024-10-13 16:20:33
55.3323925601904,4.013358497619629,0.36996668129988386,0.08592903460901634,0.0064423638022902425,5,2024-10-13 16:20:47
20.117800775698907,3.0016050338745117,0.34604010370949456,0.08274432398195478,0.009096059446496212,4,2024-10-13 16:21:01
17.405786664273666,2.856802717844645,0.32561311369477597,0.08474368260874865,0.007454945053245706,3,2024-10-13 16:21:15
22.539049779957832,3.115249350667,0.32922053312466015,0.08385807612687808,0.009778931678935943,2,2024-10-13 16:21:29
25.730500365600143,3.2476770728826523,0.3021402820042967,0.09729709863701588,0.011551050861154877,1,2024-10-13 16:21:44
8.369430712272623,2.1245858669281006,0.27907600240565594,0.0789539493790315,0.012970746557751102,0,2024-10-13 16:21:59
7.937290782401229,2.071572005748749,0.3173656844493518,0.07737165871270502,0.01697398126282925,9,2024-10-14 02:28:20
33.013325642533665,3.4969112873077393,0.29675757399260605,0.08181776384974834,0.0070438327672695845,8,2024-10-14 02:28:34
22.314807482570437,3.1052504707785213,0.30143788320608267,0.08178392996846162,0.00934220145405549,7,2024-10-14 02:28:48
34.79500272236147,3.5494737765368294,0.28018135431022984,0.08267859808093346,0.0068983185839577525,6,2024-10-14 02:29:02
47.42273652461313,3.859101787209511,0.31114273806199505,0.07768443691804562,0.005774183264438693,5,2024-10-14 02:29:16
34.032357295302745,3.527311757206917,0.2751952881537362,0.09499364121700012,0.00879400179241909,4,2024-10-14 02:29:30
77.67763566217813,4.352567386627197,0.3236378648922653,0.08466613961457914,0.004316715287208416,3,2024-10-14 02:29:44
34.8780068453729,3.55185645421346,0.3046087528182079,0.08212418613043468,0.005614782399152981,2,2024-10-14 02:29:57
59.38191180411476,4.083989664912224,0.30269676707818094,0.08390299161553767,0.005195518014115677,1,2024-10-14 02:30:12
60.826059593402555,4.108018308877945,0.2794763224490636,0.08402595035484776,0.007259552442835937,0,2024-10-14 02:30:26
11.259850336453315,2.421243331011604,0.374298453710816,0.07157515100218606,0.061689647127040705,9,2024-10-14 17:50:35
31.505798141071807,3.4501715968636906,0.37958514611428373,0.08059298989747476,0.033325966429529535,8,2024-10-14 17:50:48
60.07314332961388,4.0955628752708435,0.39675639983538347,0.08190665973334509,0.025771618358081762,7,2024-10-14 17:51:02
73.72072618598831,4.3002839833498,0.394266167626524,0.07738255798480705,0.02170115081129719,6,2024-10-14 17:51:16
143.62583251378877,4.967211532592773,0.4201694170109921,0.08057349957658809,0.01762985027552305,5,2024-10-14 17:51:29
40.63503934815524,3.704630732536316,0.3958638706246543,0.07818577657842993,0.027233656809910002,4,2024-10-14 17:51:43
30.058619598982936,3.403149461746216,0.38126433701940154,0.08966429945921868,0.02422090007747266,3,2024-10-14 17:51:56
43.65425762969365,3.7763008177280426,0.38039933093729694,0.07887584278340577,0.028479775333931166,2,2024-10-14 17:52:10
51.246188579904505,3.9366412460803986,0.36084981141579436,0.07930437287442262,0.03528458261696185,1,2024-10-14 17:52:24
12.443500106937016,2.521198406815529,0.3293721647101823,0.07551255324456219,0.03935597599190072,0,2024-10-14 17:52:38
15.17671401649572,2.7197622805833817,0.4082705892957118,0.07582004939641186,0.04667361905430453,9,2024-10-17 15:08:10
61.24545629953924,4.114889663808486,0.3636309350577158,0.08513567348678408,0.02561608263204999,8,2024-10-17 15:08:26
119.3555207057973,4.7821066081523895,0.3476147565971664,0.07976895431286235,0.019144003644426973,7,2024-10-17 15:08:42
41.42335145467981,3.7238447666168213,0.38140783257290484,0.07622070217471591,0.024044386822339277,6,2024-10-17 15:08:57
94.66284500185394,4.550321578979492,0.40022031844061673,0.06678016620039076,0.01981786972120733,5,2024-10-17 15:09:13
37.713226748786184,3.6300108750661213,0.4019146398139078,0.08214111316363877,0.02502124706073144,4,2024-10-17 15:09:28
51.83208456775646,3.948009350720574,0.3597593912311888,0.07913128060918802,0.028865569154443785,3,2024-10-17 15:09:44
17.61751972556855,2.868893845876058,0.37163841884765797,0.08646692571198851,0.0327966369609572,2,2024-10-17 15:09:59
116.3084209554047,4.756245464086533,0.3413169256189318,0.07796801527757712,0.02310393569727712,1,2024-10-17 15:10:14
27.056610957436416,3.2979313731193542,0.3914317053014291,0.07426272678639509,0.03244614223386723,0,2024-10-17 15:10:30
15.184872784648903,2.72029972076416,0.388505403278072,0.07979164228277619,0.04968832357547869,9,2024-10-17 16:39:23
59.12937370731201,4.079727817984188,0.34117219515217373,0.08560881338944007,0.024325472594019022,8,2024-10-17 16:39:39
136.28253868023774,4.914730221033096,0.3254103926404926,0.08077407108634964,0.01858459644043261,7,2024-10-17 16:39:55
39.53095118251292,3.6770839393138885,0.3714575770000983,0.08250498566036976,0.02605850448191564,6,2024-10-17 16:40:11
97.5856484690448,4.580730438232422,0.37834072392495766,0.07606001445812068,0.018215245514554165,5,2024-10-17 16:40:27
36.17183657412739,3.5882808208465575,0.3845498033320896,0.0860415528943189,0.02574767157070878,4,2024-10-17 16:40:43
50.70392531030253,3.926003329894122,0.3761080952377085,0.08333557407867953,0.027621370907685853,3,2024-10-17 16:40:59
17.543816317900262,2.8647015412648518,0.3468754217196912,0.08477575436724111,0.03423652528005592,2,2024-10-17 16:41:15
110.22373934294477,4.702512294054031,0.3416225200332326,0.09049094262613602,0.02057430227620799,1,2024-10-17 16:41:31
26.6190446760651,3.2816269248723984,0.37439558700185893,0.08015466053626571,0.03497436199768281,0,2024-10-17 16:41:47
14.967103928519997,2.705854721367359,0.3951036655230734,0.08114258755097835,0.04807317019082115,9,2024-10-17 18:10:40
66.38483834413763,4.195468692218556,0.3531147577173176,0.08285793729062493,0.02578892692039728,8,2024-10-17 18:10:55
183.16018962493683,5.210361123085022,0.3348634447891746,0.08087048581069954,0.02026913635679596,7,2024-10-17 18:11:11
43.800900159509816,3.7796543687582016,0.3836898369545187,0.07977833682296515,0.028106556954002496,6,2024-10-17 18:11:26
120.75958464276397,4.793801665306091,0.40395179692563254,0.07336299269093038,0.021701123160631205,5,2024-10-17 18:11:42
39.768668782690526,3.683079385757446,0.39906715391906167,0.0787101344429581,0.02781059245470042,4,2024-10-17 18:11:58
60.592770159034075,4.1041755816515755,0.3728549230147058,0.07892555135387871,0.029776689578807254,3,2024-10-17 18:12:13
18.47666079046936,2.916508356730143,0.35789220451915643,0.09046634217538627,0.0350088251256108,2,2024-10-17 18:12:29
137.21408581057918,4.921542376279831,0.3360890809860128,0.08247378393800762,0.024092024131589177,1,2024-10-17 18:12:44
28.61435227098025,3.35390841960907,0.3689821807181036,0.07978430456349325,0.035859258607520275,0,2024-10-17 18:13:00
14.87958343574385,2.6999900341033936,0.3681549772428726,0.08420392001093265,0.04838444389019644,9,2024-10-17 19:38:50
57.3907081875871,4.049882411956787,0.3604308461724717,0.07936272708492045,0.024125107461976568,8,2024-10-17 19:39:06
116.43829101954545,4.757361441850662,0.3312728213170236,0.07713469669854635,0.0176449834394188,7,2024-10-17 19:39:22
39.8532273070962,3.6852033883333206,0.3764812509662125,0.08448358721979374,0.028694391023932713,6,2024-10-17 19:39:39
89.68917215100541,4.496350049972534,0.39029336743940657,0.07130621121521766,0.02024997706688631,5,2024-10-17 19:39:55
34.37733114274198,3.537397368748983,0.39073561425615183,0.0892355136493665,0.026067847673776446,4,2024-10-17 19:40:12
51.78398371168075,3.9470809066996857,0.36798449808924955,0.083510669404866,0.02809217579743338,3,2024-10-17 19:40:29
17.225041803843403,2.8463642438252768,0.3635496180351308,0.08418645583696685,0.03450823056978469,2,2024-10-17 19:40:47
119.64897646540557,4.784562259912491,0.346059658615365,0.09014532330219913,0.021867702779096863,1,2024-10-17 19:41:03
26.71119477439962,3.285082757472992,0.38678119054419086,0.07950287524608918,0.033087953532299666,0,2024-10-17 19:41:20
7.972914562519513,2.076050117611885,0.3172078319413707,0.07678718339651106,0.015333285177069859,9,2024-10-18 02:17:20
32.764014636801676,3.4893307983875275,0.2857653761607611,0.07777465937899829,0.006996689154597437,8,2024-10-18 02:17:34
62.05682923076615,4.1280505657196045,0.29580272240923877,0.08173175952336242,0.0042698287457513,7,2024-10-18 02:17:48
23.125529028459084,3.1409371600431553,0.3167238648965846,0.08246493214388097,0.008139392980114634,6,2024-10-18 02:18:02
47.60208506974739,3.8628765642642975,0.29994395581587513,0.0782343748724351,0.0051329192888100615,5,2024-10-18 02:18:15
35.67973566948882,3.5745828993180218,0.28709816080824635,0.08457217000650159,0.007839196239996158,4,2024-10-18 02:18:29
59.44624759620598,4.085072502493858,0.27333163292147666,0.08552427068342326,0.008113351219026467,3,2024-10-18 02:18:43
75.50391769291954,4.324184544881185,0.3111510070090956,0.08189746979527396,0.003819035776221887,2,2024-10-18 02:18:57
35.59108055821515,3.5720950603485107,0.2918403079340086,0.08104092840964951,0.005179980137225856,1,2024-10-18 02:19:10
33.39696729651144,3.5084650963544846,0.26384772854711713,0.09704458492168924,0.008062286693580693,0,2024-10-18 02:19:24
8.045807580164182,2.08515115827322,0.3289483820920583,0.07602118633383491,0.017195448676119877,9,2024-10-18 06:47:02
33.983727159049096,3.5258817970752716,0.2935876306821449,0.08143475992396791,0.006923539743980278,8,2024-10-18 06:47:16
61.240804057625425,4.1148137003183365,0.30215076566473453,0.08328204986908157,0.005428445149336492,7,2024-10-18 06:47:29
23.131702764578982,3.141204090679393,0.3113110118723351,0.0829423564005786,0.009246557541398788,6,2024-10-18 06:47:43
47.53455620235971,3.861456945538521,0.2895248869262644,0.0781400619819831,0.0053368535409349235,5,2024-10-18 06:47:57
36.554977070333116,3.5988173484802246,0.28739141491648634,0.08430805756598925,0.007356252609722738,4,2024-10-18 06:48:10
65.7680883173038,4.1861347407102585,0.2861860088821706,0.08478251108046439,0.0074130350390381496,3,2024-10-18 06:48:24
74.47038895747886,4.310401582717896,0.30870491447266774,0.08371912379541897,0.003823503912555194,2,2024-10-18 06:48:37
37.55184231855003,3.6257224400838215,0.29130460507030037,0.08232514950601998,0.005632639838400814,1,2024-10-18 06:48:51
32.71438788986669,3.4878149777650833,0.2873739534266744,0.09902318039574926,0.00814230403366518,0,2024-10-18 06:49:04
7.98936036663968,2.0781107023358345,0.35494985089188197,0.07870445796913662,0.017317005049902502,9,2024-10-18 13:12:22
29.36337984974892,3.3797483146190643,0.3204646603328802,0.08190428512842607,0.006908858293868906,8,2024-10-18 13:12:35
52.846116817393444,3.967384234070778,0.3371933532888132,0.08407367653562262,0.006124105975845657,7,2024-10-18 13:12:49
20.7258175650154,3.0313801484949447,0.3258394565559179,0.08280620842751012,0.009307842312889213,6,2024-10-18 13:13:03
40.16544991190186,3.693007171154022,0.3580316493971239,0.08105841580994655,0.005788244136884951,5,2024-10-18 13:13:17
31.530365238223197,3.450951057321885,0.31288648788495904,0.08465304659810534,0.008033555993362673,4,2024-10-18 13:13:32
56.08914153180943,4.026942238211632,0.3075559595208033,0.08580505883380925,0.007313162214902865,3,2024-10-18 13:13:46
64.07219005584247,4.160010417302449,0.33830638025557547,0.08219776456943736,0.004426201617774035,2,2024-10-18 13:14:00
31.801506543496842,3.4595136642456055,0.32040518810214963,0.08006822295824728,0.00521543493033881,1,2024-10-18 13:14:13
28.866911026709356,3.3626959919929504,0.3019709142183935,0.09785771409046079,0.00821649688955533,0,2024-10-18 13:14:27
7.939101067103797,2.0718000531196594,0.32204065167722223,0.07962500107647688,0.0166750676892554,9,2024-10-18 17:39:11
33.58872016728214,3.514190301299095,0.30808004528495353,0.08255999323173095,0.008217170480367204,8,2024-10-18 17:39:24
68.0326366952596,4.219987541437149,0.32634042862797785,0.08458865824106954,0.005079827568450866,7,2024-10-18 17:39:38
24.1036605860878,3.1823637205011703,0.3252496815364738,0.08305038467285553,0.009868918180081818,6,2024-10-18 17:39:52
49.632732924471355,3.904650554060936,0.3332613688572624,0.07753129461513564,0.006135109258247833,5,2024-10-18 17:40:07
36.35934626254345,3.5934512895696304,0.3073078944965044,0.08117402091694793,0.007940136846456565,4,2024-10-18 17:40:20
59.77271970744089,4.090549364686012,0.2925130497779776,0.08497978255899905,0.008010089539144552,3,2024-10-18 17:40:34
86.90907368054474,4.464862442016601,0.3130431271149929,0.08645823753460191,0.004161812277278654,2,2024-10-18 17:40:48
38.48736735037686,3.650330066680908,0.2926412142397037,0.08273732437961274,0.006270416325573458,1,2024-10-18 17:41:01
33.48844363201127,3.511200413107872,0.28121868710387277,0.10042575821008232,0.008459533786196226,0,2024-10-18 17:41:15
8.068038615150133,2.087910406291485,0.32800691147113153,0.07833165362341901,0.0171227903740405,9,2024-10-18 22:49:24
33.086338857856155,3.4991204738616943,0.2919320643209328,0.08153522794250499,0.006691209798701872,8,2024-10-18 22:49:38
58.64749981203416,4.071544945240021,0.3175972231389686,0.08305690918672777,0.004906142448899927,7,2024-10-18 22:49:51
22.28701296671806,3.1040041306439567,0.3090595741441275,0.08395403042277154,0.008788761777527389,6,2024-10-18 22:50:05
45.56807946604416,3.8192074596881866,0.3243812849969879,0.07991362663960856,0.0052555648243995294,5,2024-10-18 22:50:19
36.30660821564407,3.5919997692108154,0.2889925239409531,0.08407982606925027,0.007257995033499722,4,2024-10-18 22:50:33
53.14502130611286,3.9730244278907776,0.27179384771139187,0.08546734891093552,0.007047574997240014,3,2024-10-18 22:50:47
72.89614097567835,4.289035701751709,0.317242248834834,0.08163425216462446,0.003928316307136386,2,2024-10-18 22:51:01
35.70811156040008,3.575377877553304,0.2856531514197049,0.0834143364110235,0.005543402595458139,1,2024-10-18 22:51:14
33.91958270943693,3.523992508649826,0.2811622526129756,0.10177611771965274,0.007805197721374502,0,2024-10-18 22:51:28
6.962636499492707,1.940558210015297,0.322295062982164,0.06713903674489781,0.054436549932831486,9,2024-10-19 10:13:47
144.60024756453493,4.973973021787756,0.335718834593977,0.08244206733554574,0.01914270275271511,8,2024-10-19 10:14:02
364.6869550177608,5.899039328098297,0.36970660954089646,0.0751362776108742,0.014060746209019722,7,2024-10-19 10:14:18
236.1449472108432,5.464445799589157,0.3499617586206632,0.08459581020932613,0.016566904324867363,6,2024-10-19 10:14:33
80.6485752264586,4.3901011382832245,0.3560332302092301,0.07654081955522687,0.025616894788588758,5,2024-10-19 10:14:49
268.41029999450456,5.592516779899597,0.34595427712463317,0.07534085231589494,0.015580512084981601,4,2024-10-19 10:15:05
126.55384674363295,4.840667883555095,0.34809044257212757,0.07842682529089763,0.017703133893199156,3,2024-10-19 10:15:20
523.2218375292567,6.260005537668864,0.37107913236284745,0.08139798746271518,0.012886316218651328,2,2024-10-19 10:15:36
236.33391378242607,5.465245693922043,0.36744277839565276,0.09326907709740717,0.016099015333303216,1,2024-10-19 10:15:51
302.6854833011062,5.7126942574977875,0.33145861106229774,0.08562819229974925,0.0212732360243521,0,2024-10-19 10:16:07
62.72900786670408,4.138823986053467,0.3095086098593342,0.07976978461362046,0.015105844335681906,9,2024-10-19 11:05:36
51.75880055390957,3.946594476699829,0.3066753547229314,0.0708035794139667,0.018188489124551,8,2024-10-19 11:05:49
11.546245507679982,2.446360319852829,0.3094319457497911,0.06359871679637445,0.061931139437876495,7,2024-10-19 11:06:04
107.88010788051001,4.681020498275757,0.29951299930151154,0.06987445358671404,0.014077246053241795,6,2024-10-19 11:06:19
51.61041950099063,3.943723580416511,0.3037897184804872,0.07697735039848908,0.017481999624788587,5,2024-10-19 11:06:32
157.47924744709232,5.059293687343597,0.30459352696033587,0.07608792120859113,0.011592098299430923,4,2024-10-19 11:06:46
61.29432653136017,4.115687286152559,0.3043878829210082,0.06939580836514019,0.022003999227164422,3,2024-10-19 11:07:02
127.92949500844522,4.8514792919158936,0.30452271687886945,0.07406358755547202,0.01335652513537674,2,2024-10-19 11:07:15
266.20019490959896,5.584248638153076,0.32375787433799474,0.07476532970600049,0.010399701648554551,1,2024-10-19 11:07:28
101.7613976819424,4.622630834579468,0.26500177938562286,0.0770762250291039,0.01777144158280558,0,2024-10-19 11:07:42
63.03091516774645,4.143625322977702,0.29541702471379033,0.08320609344880878,0.015279088632816582,9,2024-10-19 11:08:03
51.91598215976172,3.9496266841888428,0.2983682565066816,0.0639770285148345,0.016860296943303748,8,2024-10-19 11:08:19
11.540395657780923,2.4458535462617874,0.300274503133216,0.059214600215761214,0.05632156116210551,7,2024-10-19 11:08:34
105.57268975143148,4.659399718046188,0.2926697432216673,0.0746410517838006,0.01697277501292529,6,2024-10-19 11:08:50
54.42119274698518,3.996753650553086,0.291794194014924,0.07221039731122053,0.01784437544030338,5,2024-10-19 11:09:05
160.77518402925665,5.080007016658783,0.3017360032432082,0.07471693314974437,0.012371551913851883,4,2024-10-19 11:09:21
61.20145894086781,4.114171028137207,0.30476044960529514,0.07335504009152083,0.020491924413881715,3,2024-10-19 11:09:37
131.13751194351377,4.876246482133865,0.2919910027286985,0.07232930277788883,0.012249657045160558,2,2024-10-19 11:09:51
6.123315076968706,1.8121036291122437,0.3257462058911483,0.07249797764648813,0.056731939119211774,9,2024-10-19 12:26:33
9.834695625518588,2.285916503270467,0.36547886005421426,0.08522525054739745,0.047681101806183186,8,2024-10-19 12:26:46
8.157753702009726,2.0989688494626213,0.33054899470780286,0.07872624585647943,0.0665341781186617,7,2024-10-19 12:26:59
9.984374665436503,2.3010213375091553,0.3379241759599936,0.06987933487569532,0.05758822414234676,6,2024-10-19 12:27:12
10.928760838245228,2.391397923231125,0.34572149263579705,0.08145835932279807,0.057433992361865284,5,2024-10-19 12:27:25
10.760773791063048,2.375907465815544,0.3589278949277556,0.07956205894680303,0.051706789980523915,4,2024-10-19 12:27:39
9.381148672302619,2.238702215254307,0.3475181196039271,0.06849514421393055,0.0719627466094847,3,2024-10-19 12:27:51
6.776773069088151,1.9135010401407877,0.35589654159841083,0.08592774855607965,0.060158985111772326,2,2024-10-19 12:28:04
10.890242256715988,2.38786718249321,0.36812082532700996,0.08502621355502844,0.056378052156321655,1,2024-10-19 12:28:18
9.689325233450793,2.271024788127226,0.35939003788221235,0.0843972283924795,0.06281115012496054,0,2024-10-19 12:28:31
5.998444874290726,1.791500248014927,0.3438285010288505,0.07219394629074402,0.06087923024038009,9,2024-10-19 13:45:00
9.999103429254147,2.3024954319000246,0.3851864055348855,0.08354704460588361,0.050558627523945056,8,2024-10-19 13:45:12
8.083510226848835,2.0898262122098137,0.38053574088096487,0.07599253603507308,0.07280473456767116,7,2024-10-19 13:45:25
9.929517497337343,2.2955118864774704,0.3666321278143753,0.06855479451253774,0.050686198878725656,6,2024-10-19 13:45:38
10.735005977872285,2.3735099881887436,0.3674371114300679,0.079728349736338,0.057994961371435366,5,2024-10-19 13:45:51
10.56326091411733,2.3573820292949677,0.3695728041858004,0.07638872254857247,0.05232216299778649,4,2024-10-19 13:46:04
9.52902133728352,2.254342019557953,0.34834610293541757,0.06418745625098413,0.07194671679521708,3,2024-10-19 13:46:17
6.789046482628087,1.9153105020523071,0.36998396105469317,0.08384335975574687,0.06075518532073894,2,2024-10-19 13:46:30
11.158956924885555,2.4122424870729446,0.37700130394876397,0.083837695079827,0.05931220748206926,1,2024-10-19 13:46:43
9.810272150463106,2.283430015339571,0.36146639494252164,0.08385901894266284,0.06102410433269444,0,2024-10-19 13:46:58
6.051944371331198,1.800379604101181,0.34823476691813093,0.06477530586135023,0.05753366476455872,9,2024-10-19 15:03:51
10.082506289992262,2.310801871617635,0.37373065972040614,0.07594966260126185,0.04934779865368117,8,2024-10-19 15:04:09
8.10470664176363,2.092444959808798,0.36657048079408255,0.06991245389726779,0.06330860126766182,7,2024-10-19 15:04:27
9.89423842067185,2.291952610015869,0.35899418485589907,0.05914631078323293,0.05518437701147646,6,2024-10-19 15:04:44
10.653141705251063,2.3658548444509506,0.3801095828956583,0.0768016910193044,0.055146407102776254,5,2024-10-19 15:05:01
10.820581954324888,2.381450057029724,0.38135213589372263,0.07584349646490128,0.04983625879558588,4,2024-10-19 15:05:18
9.482270807613538,2.249423824250698,0.3532378357044572,0.058416317631856424,0.07099799044276829,3,2024-10-19 15:05:35
6.939280139691726,1.9371980428695679,0.3633719184504367,0.0830012717433458,0.059227538767702814,2,2024-10-19 15:05:52
11.083954968488285,2.4054985642433167,0.37491780645019324,0.08180506119731056,0.053523350298835766,1,2024-10-19 15:06:08
9.879769373538798,2.290489168728099,0.3535669765991258,0.0794983892685381,0.05848431509246855,0,2024-10-19 15:06:25
17.71581410767863,2.8744576930999757,0.41319393664909965,0.07150614701407615,0.035775982678625376,9,2024-10-20 10:19:44
18.096760767085744,2.8957329591115317,0.4265668268442637,0.07458840385646297,0.03533407996157256,8,2024-10-20 10:19:59
17.97423863283047,2.888939545704768,0.40881689610076616,0.06743833986325978,0.03584406702948161,7,2024-10-20 10:20:13
17.619720153953267,2.869018738086407,0.39529406202544454,0.07293301760531813,0.03558444239434422,6,2024-10-20 10:20:28
18.406801107714305,2.9127202217395487,0.4085903229339371,0.07384597298868084,0.03746220112897957,5,2024-10-20 10:20:43
19.171708494660994,2.9534356764384677,0.3883658045163977,0.07002168823037418,0.03438183757555812,4,2024-10-20 10:20:58
18.757212528948518,2.931578346661159,0.3985891309831043,0.07175948968223311,0.03491229890675412,3,2024-10-20 10:21:12
17.388915347908505,2.8558329542477927,0.39238286762286023,0.0687670162327892,0.030288014944398086,2,2024-10-20 10:21:27
18.576834845448314,2.921915366099431,0.38628327675562973,0.06506057445745764,0.031088384991509236,1,2024-10-20 10:21:42
19.866458729666448,2.989032818720891,0.3891118571570338,0.06694952168951612,0.029943323409978285,0,2024-10-20 10:21:56
